,19RBD,exposure,consurf,fitness
0,1.0,1,-0.713,-0.6523809523809524
1,0.9473684210526315,1,-0.269,-0.550952380952381
2,0.5789473684210527,1,0.527,-0.3047619047619048
3,1.0,1,-0.621,-1.6214285714285712
4,1.0,1,-0.647,-0.7285714285714286
5,1.0,1,-0.666,-1.7357142857142858
6,0.42105263157894735,1,1.734,-0.42857142857142855
7,0.42105263157894735,1,0.74,-1.0585714285714285
8,0.9473684210526315,1,-0.422,-1.7047619047619047
9,1.0,1,-0.666,-2.086190476190476
10,1.0,1,-0.731,-2.2995238095238095
11,0.9473684210526315,1,-0.394,-1.5038095238095237
12,0.7368421052631579,1,0.385,-1.565238095238095
13,0.5789473684210527,1,1.931,-0.40238095238095234
14,1.0,1,-0.666,-1.8771428571428572
15,0.15789473684210525,1,0.181,-1.0157142857142856
16,0.7894736842105263,0,-0.728,-1.9161904761904762
17,1.0,0,-0.707,-2.172857142857143
18,1.0,0,-0.668,-1.8861904761904762
19,1.0,1,-0.71,-1.0590476190476192
20,1.0,0,-0.615,-2.223333333333333
21,0.15789473684210525,1,-0.157,-0.7638095238095237
22,1.0,1,-0.697,-2.2014285714285715
23,0.3684210526315789,1,0.556,-0.8266666666666667
24,0.42105263157894735,1,0.225,-0.5066666666666667
25,1.0,1,-0.718,-1.2961904761904761
26,0.9473684210526315,1,-0.48,-0.3990476190476191
27,0.47368421052631576,1,0.038,-0.9233333333333333
28,1.0,1,-0.62,-1.2147619047619047
29,0.8947368421052632,1,-0.439,-0.34476190476190477
30,1.0,1,-0.715,-1.016190476190476
31,1.0,1,-0.414,-2.1619047619047618
32,1.0,0,-0.674,-0.8838095238095239
33,0.42105263157894735,1,-0.011,-0.48
34,0.9473684210526315,1,-0.713,-0.05571428571428569
35,0.8421052631578947,1,-0.292,-1.5695238095238095
36,1.0,1,-0.674,-0.19285714285714284
37,1.0,1,-0.736,-0.7538095238095238
38,1.0,1,-0.733,-0.6538095238095238
39,0.05263157894736842,1,0.362,-0.5419047619047619
40,0.8421052631578947,1,-0.022,-0.23809523809523808
41,1.0,1,-0.673,-0.9752380952380952
42,1.0,1,-0.733,-1.0814285714285714
43,1.0,1,-0.718,-0.7890476190476191
44,1.0,1,-0.673,-1.9295238095238096
45,0.8947368421052632,1,0.091,-0.9509523809523809
46,1.0,1,-0.628,-2.7676190476190476
47,1.0,1,-0.675,-2.395238095238095
48,1.0,1,-0.631,-1.6552380952380952
49,1.0,1,-0.712,-1.4457142857142857
50,1.0,1,-0.733,-0.4861904761904762
51,0.7894736842105263,1,1.009,-0.5128571428571428
52,0.47368421052631576,1,-0.218,-0.2995238095238095
53,1.0,1,-0.716,-0.5595238095238095
54,1.0,0,-0.674,-1.7095238095238094
55,0.47368421052631576,1,-0.508,-0.7709523809523808
56,1.0,1,-0.705,-0.7185714285714285
57,1.0,1,-0.674,-0.6333333333333334
58,1.0,1,-0.629,-0.41904761904761906
59,1.0,1,-0.673,-0.7276190476190477
60,0.6842105263157895,1,-0.22,-0.6471428571428571
61,0.3684210526315789,0,-0.297,-0.45285714285714285
62,1.0,0,-0.713,-1.6223809523809525
63,1.0,1,-0.675,-1.119047619047619
64,1.0,1,-0.716,-1.6573333333333333
65,1.0,0,-0.411,-2.3980952380952383
66,0.3684210526315789,1,-0.219,-2.08
67,1.0,0,-0.673,-2.628095238095238
68,0.47368421052631576,0,-0.097,-2.3414285714285716
69,0.631578947368421,0,-0.169,-2.294761904761905
70,0.5789473684210527,1,0.452,-1.3633333333333333
71,0.47368421052631576,1,0.68,-1.8376190476190477
72,0.47368421052631576,1,-0.42,-1.1138095238095238
73,0.6842105263157895,1,-0.153,-1.9590476190476191
74,1.0,1,-0.713,-2.170952380952381
75,1.0,1,-0.704,-0.22380952380952382
76,1.0,1,-0.732,-1.859047619047619
77,0.5789473684210527,1,-0.471,-2.519047619047619
78,1.0,1,-0.715,-1.6852380952380952
79,1.0,1,-0.655,-2.6195238095238094
80,0.8947368421052632,1,0.228,-0.9633333333333334
81,0.5789473684210527,1,-0.506,-1.0
82,1.0,1,-0.718,-0.7285714285714286
83,1.0,1,-0.63,-2.2323809523809524
84,0.10526315789473684,1,-0.437,-0.19380952380952382
85,1.0,0,-0.723,-2.4838095238095237
86,1.0,0,-0.715,-2.0885714285714285
87,1.0,1,-0.705,-1.26
88,1.0,0,-0.674,-1.6366666666666665
89,1.0,0,-0.735,-2.4595238095238097
90,1.0,0,-0.674,-2.630952380952381
91,0.9473684210526315,0,-0.454,-2.144285714285714
92,1.0,0,-0.674,-2.388095238095238
93,1.0,1,-0.655,-2.280952380952381
94,1.0,1,-0.705,-0.6504761904761904
95,0.9473684210526315,1,-0.414,-1.0238095238095237
96,1.0,1,-0.673,-2.559047619047619
97,0.8421052631578947,1,0.375,-0.8285714285714285
98,1.0,0,-0.63,-2.7371428571428575
99,1.0,0,-0.629,-2.762380952380952
100,1.0,1,-0.713,-2.8023809523809526
101,0.6842105263157895,0,0.529,-1.9500000000000002
102,1.0,0,-0.716,-2.133809523809524
103,1.0,1,-0.623,-2.41
104,1.0,1,-0.736,-1.8066666666666666
105,0.15789473684210525,1,-0.172,-1.899047619047619
106,0.21052631578947367,1,1.473,-0.8238095238095239
107,0.3684210526315789,1,1.277,-0.4509523809523809
108,0.10526315789473684,1,2.328,-0.5276190476190477
109,1.0,1,-0.705,-2.23
110,0.21052631578947367,1,1.377,-1.1204761904761906
111,0.15789473684210525,1,2.11,-0.3933333333333333
112,0.05263157894736842,1,1.552,-0.3166666666666667
113,0.21052631578947367,1,2.069,-0.6233333333333333
114,0.3684210526315789,1,-0.541,-0.6533333333333333
115,0.3684210526315789,1,-0.408,-0.8628571428571429
116,0.3157894736842105,1,1.729,-0.21476190476190476
117,0.47368421052631576,1,1.082,-0.41190476190476183
118,0.8947368421052632,0,-0.301,-1.3885714285714286
119,0.21052631578947367,1,3.103,-0.2776190476190476
120,1.0,0,-0.675,-1.3033333333333335
121,1.0,0,-0.704,-2.3676190476190477
122,0.21052631578947367,0,1.84,0.0375
123,0.2631578947368421,1,2.084,-0.47904761904761906
124,1.0,1,-0.704,-2.2409523809523813
125,0.42105263157894735,1,1.048,-0.570952380952381
126,0.2631578947368421,1,1.838,-0.47714285714285715
127,0.10526315789473684,1,-0.457,-0.4176190476190476
128,0.8947368421052632,0,-0.339,-2.0704761904761906
129,0.7894736842105263,1,0.108,-0.6638095238095238
130,1.0,1,-0.655,-1.6376190476190478
131,0.8421052631578947,1,0.091,-1.1428571428571428
132,0.9473684210526315,1,-0.457,-1.601904761904762
133,1.0,1,-0.704,-1.7004761904761905
134,1.0,1,-0.705,-2.5252380952380955
135,0.3684210526315789,1,0.218,-0.6033333333333333
136,0.9473684210526315,1,-0.509,-1.2928571428571427
137,0.15789473684210525,1,-0.021,-0.5723809523809523
138,0.15789473684210525,1,1.613,-0.6823809523809524
139,0.21052631578947367,1,2.33,-0.7490476190476191
140,0.2631578947368421,1,0.333,-0.8866666666666667
141,0.15789473684210525,1,0.227,-0.9523809523809523
142,0.15789473684210525,1,0.75,-0.559047619047619
143,0.21052631578947367,1,0.949,-1.0876190476190477
144,0.15789473684210525,1,1.911,-0.34809523809523807
145,0.10526315789473684,1,2.229,-0.41857142857142854
146,0.3157894736842105,1,1.333,-0.5452380952380952
147,0.47368421052631576,1,0.267,-1.430952380952381
148,0.15789473684210525,1,-0.101,-0.5161904761904762
149,0.15789473684210525,1,1.444,-0.8157142857142856
150,0.05263157894736842,1,2.264,-0.31476190476190474
151,0.15789473684210525,1,2.782,-0.46761904761904766
152,0.2631578947368421,1,1.545,-0.7733333333333334
153,0.15789473684210525,1,2.767,-0.14238095238095236
154,0.9473684210526315,1,-0.491,-0.6361904761904762
155,0.47368421052631576,1,-0.042,-1.5080952380952382
156,0.47368421052631576,1,0.561,-0.3738095238095238
157,0.05263157894736842,1,3.526,-0.3657142857142857
158,0.47368421052631576,0,-0.239,-2.1404761904761904
159,1.0,1,-0.674,-1.983809523809524
160,0.05263157894736842,1,1.488,-0.5371428571428571
161,0.15789473684210525,1,0.961,-0.5495238095238095
162,1.0,1,-0.675,-1.9161904761904762
163,0.47368421052631576,1,-0.208,-0.27714285714285714
164,1.0,1,-0.672,-2.085238095238095
165,0.05263157894736842,0,2.22,-0.35047619047619044
166,0.6842105263157895,1,0.824,-0.6828571428571428
167,0.42105263157894735,1,0.608,-0.42523809523809525
168,0.15789473684210525,1,2.13,-0.34285714285714286
169,0.47368421052631576,1,-0.098,-0.13904761904761903
170,0.3684210526315789,1,1.691,-0.47428571428571425
171,0.42105263157894735,1,2.657,-0.3852380952380952
172,0.8421052631578947,1,0.864,-0.1623809523809524
173,1.0,0,-0.732,-1.6123809523809522
174,0.47368421052631576,0,-0.291,-2.257142857142857
175,0.42105263157894735,0,0.06,-1.4852380952380952
176,1.0,0,-0.704,-2.477142857142857
177,1.0,0,-0.713,-2.664761904761905
178,1.0,0,-0.713,-2.644761904761905
179,1.0,0,-0.713,-2.7009523809523808
180,1.0,0,-0.674,-2.6542857142857144
181,1.0,1,-0.725,-0.8471428571428571
182,1.0,1,-0.655,-2.13
183,1.0,1,-0.715,-1.3395238095238096
184,1.0,1,-0.662,-0.39666666666666667
185,1.0,1,-0.261,-0.10761904761904763
186,0.05263157894736842,1,-0.262,-0.5738095238095239
187,0.9473684210526315,1,-0.118,-0.43523809523809526
188,1.0,1,-0.642,-0.9119047619047619
189,1.0,1,-0.706,-0.2690476190476191
190,1.0,1,-0.709,-1.406875
191,1.0,0,-0.703,-0.7245454545454545
192,1.0,1,-0.615,-0.7657142857142857
193,1.0,1,-0.617,-0.43900000000000006
